STT,Ngày đăng,ID bài,Cụm từ khớp,Tiêu đề,Link
1,01/03/2026,1406563,Nông dân Việt Nam xuất sắc 2023,"Nữ nông dân trồng hoa lan đạt danh hiệu Nông dân Việt Nam xuất sắc 2023, nay ứng cử đại biểu HĐND TP.HCM",https://danviet.vn/nu-nong-dan-trong-hoa-lan-dat-danh-hieu-nong-dan-viet-nam-xuat-sac-2023-nay-ung-cu-dai-bieu-hdnd-tphcm-d1406563.html
2,30/12/2023,1137567,Nông dân Việt Nam xuất sắc 2023,Nông dân Việt Nam xuất sắc 2023 ở Yên Bái tâm đắc bài phát biểu của Tổng Bí thư tại Đại hội VIII Hội NDVN,https://danviet.vn/nong-dan-viet-nam-xuat-sac-2023-o-yen-bai-tam-dac-bai-phat-bieu-cua-tong-bi-thu-tai-dai-hoi-viii-hoi-ndvn-20231229172249847-d1137567.html
3,15/10/2023,1123584,Nông dân Việt Nam xuất sắc 2023,Nông dân Việt Nam xuất sắc 2023: Quyết đi 'du học' để chủ động sản xuất giống cá nước lạnh,https://danviet.vn/nong-dan-viet-nam-xuat-sac-2023-quyet-di-du-hoc-de-chu-dong-san-xuat-giong-ca-nuoc-lanh-20231015021332886-d1123584.html
4,14/10/2023,1123526,Tự hào Nông dân Việt Nam 2023,"Tham gia chuỗi Chương trình Tự hào Nông dân Việt Nam 2023, chủ một hợp tác xã chốt được nhiều đơn hàng",https://danviet.vn/tham-gia-chuoi-chuong-trinh-tu-hao-nong-dan-viet-nam-2023-chu-mot-hop-tac-xa-chot-duoc-nhieu-don-hang-20231014160223703-d1123526.html
5,14/10/2023,1123426,Nông dân Việt Nam xuất sắc 2023,"Nông dân Việt Nam xuất sắc 2023: Đọc lại bài báo viết về mình, tôi xúc động rơi nước mắt",https://danviet.vn/nong-dan-viet-nam-xuat-sac-2023-doc-lai-bai-bao-viet-ve-minh-toi-xuc-dong-roi-nuoc-mat-20231014004535392-d1123426.html
6,14/10/2023,1123385,Nông dân Việt Nam xuất sắc 2023,Nông dân Việt Nam xuất sắc 2023 đến từ Bắc Ninh chế tạo nhiều loại máy phay lên luống 5 trong 1,https://danviet.vn/mot-nong-dan-bac-ninh-sang-che-che-tao-thanh-cong-nhieu-loai-may-phay-len-luong-5-trong-1-20231013175146949-d1123385.html
7,13/10/2023,839606,Tự hào Nông dân Việt Nam 2023,"Chuỗi Chương trình Tự hào Nông dân Việt Nam 2023 là cơ hội để nông dân, HTX tiếp cận chính sách, vốn...",https://danviet.vn/chuoi-chuong-trinh-tu-hao-nong-dan-viet-nam-2023-la-co-hoi-de-nong-dan-htx-tiep-can-chinh-sach-von-2023101320041759-d839606.html
8,13/10/2023,1123381,Nông dân Việt Nam xuất sắc 2023,Lễ tôn vinh và trao danh hiệu cho 100 'Nông dân Việt Nam xuất sắc 2023' và biểu dương 63 HTX tiêu biểu toàn quốc,https://danviet.vn/le-ton-vinh-va-trao-danh-hieu-cho-100-nong-dan-viet-nam-xuat-sac-2023-va-bieu-duong-63-htx-tieu-bieu-toan-quoc-20231013172430983-d1123381.html
9,13/10/2023,839604,Nông dân Việt Nam xuất sắc 2023,Danh sách trích ngang thành tích của 100 Nông dân Việt Nam xuất sắc 2023,https://danviet.vn/trich-ngang-thanh-tich-cua-100-nong-dan-viet-nam-xuat-sac-2023-2023101318063041-d839604.html
10,13/10/2023,1123193,Nông dân Việt Nam xuất sắc 2023,"9 kỷ lục ấn tượng của 100 Nông dân Việt Nam xuất sắc 2023, có tỷ phú nuôi tôm lợi nhuận 50 tỷ/năm",https://danviet.vn/9-ky-luc-an-tuong-cua-100-nong-dan-viet-nam-xuat-sac-2023-ty-phu-nuoi-tom-loi-nhuan-50-ty-nam-20231012181413062-d1123193.html
11,11/10/2023,1122870,Nông dân Việt Nam xuất sắc 2023,"Vườn cam, bưởi hữu cơ đẹp như phim của Nông dân Việt Nam xuất sắc 2023 đến từ Bắc Giang",https://danviet.vn/vuon-cam-buoi-huu-co-dep-nhu-phim-cua-nong-dan-viet-nam-xuat-sac-2023-den-tu-bac-giang-20231011095828483-d1122870.html
12,11/10/2023,1122950,Nông dân Việt Nam xuất sắc 2023,"Nông dân Việt Nam xuất sắc 2023 tranh thủ 'PR' gạo VD20, mì Chũ trong ngày về Thủ đô",https://danviet.vn/nong-dan-viet-nam-xuat-sac-2023-tranh-thu-pr-gao-vd20-mi-chu-trong-ngay-ve-thu-do-20231011153926594-d1122950.html
13,11/10/2023,1122925,Tự hào Nông dân Việt Nam 2023,100 nông dân Việt Nam xuất sắc đã có mặt tại Hà Nội để đón chuỗi sự kiện Tự hào nông dân Việt Nam 2023,https://danviet.vn/100-nong-dan-viet-nam-xuat-sac-da-co-mat-tai-ha-noi-20231011134928545-d1122925.html
14,11/10/2023,1122808,Tự hào Nông dân Việt Nam 2023,"Tự hào Nông dân Việt Nam 2023: Bắc Giang xây dựng thương hiệu HTX, đưa nông sản vào các khu công nghiệp",https://danviet.vn/bac-giang-lam-gi-de-xay-dung-thuong-hieu-htx-dua-nong-san-vao-cac-khu-cong-nghiep-20231010211013362-d1122808.html
15,11/10/2023,1122699,Nông dân Việt Nam xuất sắc 2023,"Từng là hộ nghèo, nay Nông dân Việt Nam xuất sắc 2023 ở Tuyên Quang thu 6 tỷ/năm từ nuôi lợn, trồng bưởi",https://danviet.vn/tu-ho-ngheo-nay-nong-dan-viet-nam-xuat-sac-o-tuyen-quang-thu-6-ty-nam-tu-nuoi-lon-trong-buoi-20231010113802611-d1122699.html
16,10/10/2023,1122571,Nông dân Việt Nam xuất sắc 2023,"Nông dân Việt Nam xuất sắc 2023 đến từ Kiên Giang là một tỷ phú từng nghèo, 10 năm 'gạo chợ nước sông'",https://danviet.vn/nong-dan-viet-nam-xuat-sac-den-tu-kien-giang-la-mot-ty-phu-tung-co-10-nam-gao-cho-nuoc-song-20231009164144568-d1122571.html
17,10/10/2023,1122323,Nông dân Việt Nam xuất sắc 2023,"Một người ở Long An nuôi gà trong trại lạnh, đẻ trứng sòn sòn là Nông dân Việt Nam xuất sắc 2023",https://danviet.vn/mot-nguoi-o-long-an-nuoi-ga-trong-trai-lanh-de-trung-son-son-la-nong-dan-viet-nam-xuat-sac-20231008102203887-d1122323.html
18,09/10/2023,1122431,Nông dân Việt Nam xuất sắc 2023,Người Hà Nội sáng chế máy nông nghiệp '15 trong 1' được bình chọn là Nông dân Việt Nam xuất sắc 2023,https://danviet.vn/nguoi-ha-noi-sang-che-may-nong-nghiep-15-trong-1-la-nong-dan-viet-nam-xuat-sac-20231008213153573-d1122431.html
19,09/10/2023,1122349,Nông dân Việt Nam xuất sắc 2023,"Trồng nấm công nghệ cao, anh nông dân 8X ở Hưng Yên là Nông dân Việt Nam xuất sắc 2023",https://danviet.vn/trong-nam-cong-nghe-cao-anh-nong-dan-8x-o-hung-yen-la-nong-dan-viet-nam-xuat-sac-2023-20231008125048729-d1122349.html
20,09/10/2023,1122007,Nông dân Việt Nam xuất sắc 2023,Một ông Giám đốc HTX ở Thanh Hóa được bình chọn danh hiệu Nông dân Việt Nam xuất sắc 2023,https://danviet.vn/mot-ong-giam-doc-htx-o-thanh-hoa-duoc-binh-chon-nhan-danh-hieu-nong-dan-viet-nam-xuat-sac-20231006140447907-d1122007.html
21,08/10/2023,1122337,Nông dân Việt Nam xuất sắc 2023,"Nuôi gà lai chọi thả vườn, Nông dân Việt Nam xuất sắc 2023 đến từ Bắc Giang lãi 2,4 tỷ/năm",https://danviet.vn/nuoi-ga-lai-choi-tha-vuon-nong-dan-viet-nam-xuat-sac-2023-den-tu-bac-giang-lai-24-ty-dong-nam-20231008113938138-d1122337.html
22,08/10/2023,1122218,Nông dân Việt Nam xuất sắc 2023,"Nuôi ba ba, cá lóc lời 2,5 tỷ/năm; một chủ trang trại ở Tây Ninh là Nông dân Việt Nam xuất sắc 2023",https://danviet.vn/nuoi-ba-ba-ca-loc-loi-25-ty-nam-mot-chu-trang-trai-o-tay-ninh-la-nong-dan-viet-nam-xuat-sac-2023-20231007172642363-d1122218.html
23,07/10/2023,1122059,Nông dân Việt Nam xuất sắc 2023,"Triệu Tạ Hin, một người Hà Giang, từ hai bàn tay trắng đến danh hiệu “Nông dân Việt Nam xuất sắc 2023'",https://danviet.vn/trieu-ta-hin-mot-nguoi-ha-giang-giau-co-duoc-trao-tang-danh-hieu-nong-dan-viet-nam-xuat-sac-20231006172945879-d1122059.html
24,06/10/2023,1121919,Nông dân Việt Nam xuất sắc 2023,Nông dân Việt Nam xuất sắc 2023 đến từ Bắc Ninh biến khu lò gạch cũ thành trang trại thu 30 tỷ/năm,https://danviet.vn/lo-gach-bo-hoang-thanh-trang-trai-thu-hon-30-ty-nam-o-bac-ninh-la-nong-dan-viet-nam-xuat-sac-20231006031230493-d1121919.html
25,06/10/2023,1121299,Nông dân Việt Nam xuất sắc 2023,Tỷ phú nuôi tôm công nghệ cao ở Bến Tre được bình chọn là Nông dân Việt Nam xuất sắc 2023,https://danviet.vn/ty-phu-nuoi-tom-cong-nghe-cao-o-ben-tre-duoc-binh-chon-la-nong-dan-viet-nam-xuat-sac-2023-20231002192402597-d1121299.html
26,06/10/2023,1121801,Nông dân Việt Nam xuất sắc 2023,"Trồng loại nấm có giá 50 triệu/kg, một phụ nữ Bà Rịa-Vũng Tàu là Nông dân Việt Nam xuất sắc 2023",https://danviet.vn/trong-nam-nam-gi-ban-50-trieu-kg-mot-phu-nu-ba-ria-vung-tau-la-nong-dan-viet-nam-xuat-sac-20231005132456933-d1121801.html
27,06/10/2023,57866,Nông dân Việt Nam xuất sắc 2023,"Trồng lúa giỏi, nuôi cả cá, tôm, một người ở Bà Rịa-Vũng Tàu là Nông dân Việt Nam xuất sắc 2023",https://danviet.vn/trong-lua-gioi-nuoi-ca-ca-tom-mot-nguoi-o-ba-ria-vung-tau-la-nong-dan-viet-nam-xuat-sac-20231005141738716-d57866.html
28,05/10/2023,1121493,Nông dân Việt Nam xuất sắc 2023,"Trưởng ấp ở TP HCM từng nghèo khó, nay trồng nấm thu 2 tỷ/năm là Nông dân Việt Nam xuất sắc 2023",https://danviet.vn/truong-ap-o-tp-hcm-trong-nam-thu-2-ty-nam-duoc-binh-chon-la-nong-dan-viet-nam-xuat-sac-20231003181137524-d1121493.html
29,05/10/2023,839375,Nông dân Việt Nam xuất sắc 2023,"Đi lên từ hộ nghèo, Nông dân Việt Nam xuất sắc 2023 đến từ Cao Bằng trồng cây công nghiệp, nuôi trâu bò",https://danviet.vn/nong-dan-viet-nam-xuat-sac-2023-den-tu-cao-bang-la-nguoi-trong-cay-cong-nghiep-nuoi-trau-bo-2023100317063133-d839375.html
30,04/10/2023,1121412,Nông dân Việt Nam xuất sắc 2023,“Vua tôm thẻ' ở Bạc Liêu từ nghèo không cục đất chọi chim thành Nông dân Việt Nam xuất sắc 2023,https://danviet.vn/vua-tom-the-o-bac-lieu-tu-ngheo-khong-cuc-dat-choi-chim-thanh-nong-dan-viet-nam-xuat-sac-20231003140916495-d1121412.html
31,04/10/2023,1120697,Nông dân Việt Nam xuất sắc 2023,"Ươm trồng 2,1 triệu cây giống lâm nghiệp, một người Bình Định là Nông dân Việt Nam xuất sắc 2023",https://danviet.vn/uom-trong-21-trieu-cay-giong-lam-nghiep-mot-nguoi-binh-dinh-la-nong-dan-viet-nam-xuat-sac-20230929133107031-d1120697.html
32,03/10/2023,1121334,Nông dân Việt Nam xuất sắc 2023,"Nuôi 'chim tiền tỷ' vượt mùa đông, một giám đốc ở Thanh Hoá là Nông dân Việt Nam xuất sắc 2023",https://danviet.vn/nuoi-chim-yen-tien-ty-vuot-dong-mot-giam-doc-thanh-hoa-la-nong-dan-viet-nam-xuat-sac-2023-20231003061815607-d1121334.html
33,03/10/2023,839365,Nông dân Việt Nam xuất sắc 2023,"20 năm trồng lúa giống, từ hộ nghèo nay lãi tiền tỷ, chị nông dân Tiền Giang là Nông dân Việt Nam xuất sắc 2023",https://danviet.vn/trong-lua-giong-lai-tien-ty-chi-tien-giang-duoc-binh-chon-la-nong-dan-viet-nam-xuat-sac-2023-2023100310533521-d839365.html
34,03/10/2023,1121397,Tự hào Nông dân Việt Nam 2023,Hình ảnh Họp báo Chương trình Tự hào nông dân Việt Nam 2023,https://danviet.vn/hinh-anh-hop-bao-chuong-trinh-tu-hao-nong-dan-viet-nam-2023-20231003120034943-d1121397.html
35,03/10/2023,839364,Nông dân Việt Nam xuất sắc 2023,Danh sách 100 Nông dân Việt Nam xuất sắc năm 2023,https://danviet.vn/danh-sach-100-nong-dan-viet-nam-xuat-sac-nam-2023-2023100310152873-d839364.html
36,03/10/2023,1121371,Tự hào Nông dân Việt Nam 2023,Họp báo Chương trình Tự hào nông dân Việt Nam 2023,https://danviet.vn/hop-bao-chuong-trinh-tu-hao-nong-dan-viet-nam-2023-20231003095735783-d1121371.html
37,03/10/2023,1121355,Nông dân Việt Nam xuất sắc 2023,Họp báo Chương trình Tự hào Nông dân Việt Nam xuất sắc 2023: Tôn vinh 100 nông dân và 63 HTX nông nghiệp tiêu biểu,https://danviet.vn/hop-bao-chuong-trinh-tu-hao-nong-dan-viet-nam-xuat-sac-2023-ton-vinh-100-nong-dan-va-63-htx-nong-nghiep-tieu-bieu-20231003083540012-d1121355.html
38,03/10/2023,1121262,Tự hào Nông dân Việt Nam 2023,"Chương trình Tự hào Nông dân Việt Nam 2023 với chuỗi các sự kiện đặc biệt 'do nông dân, vì nông dân'",https://danviet.vn/chuong-trinh-tu-hao-nong-dan-viet-nam-2023-voi-chuoi-su-kien-dac-biet-do-nong-dan-vi-nong-dan-20231002164250744-d1121262.html
39,02/10/2023,1121187,Nông dân xuất sắc 2023,"Liều vay 5 tỷ lên vùng đất khó lập trang trại, một nông dân Nghệ An được bình chọn là Nông dân xuất sắc 2023",https://danviet.vn/lieu-vay-5-ty-len-vung-dat-kho-lap-trang-trai-nuoi-lon-anh-nghe-an-la-nong-dan-viet-nam-xuat-sac-20231002114432576-d1121187.html
40,01/10/2023,1120986,Nông dân Việt Nam xuất sắc 2023,Người làm nước mắm Phú Quốc 'quốc hồn quốc túy' ở Kiên Giang là Nông dân Việt Nam xuất sắc 2023,https://danviet.vn/nguoi-lam-nuoc-mam-phu-quoc-quoc-hon-quoc-tuy-o-kien-giang-la-nong-dan-viet-nam-xuat-sac-2023-20230930232757918-d1120986.html
41,28/09/2023,1120465,Nông dân Việt Nam xuất sắc 2023,Người tiên phong đưa cơ giới hoá vào thu hoạch lúa ở Quảng Ngãi là Nông dân Việt Nam xuất sắc 2023,https://danviet.vn/mot-nguoi-quang-ngai-di-dau-trong-co-gioi-hoa-dung-may-gat-lua-la-nong-dan-viet-nam-xuat-sac-20230928122717832-d1120465.html
42,28/09/2023,1120140,Nông dân Việt Nam xuất sắc 2023,"Người phụ nữ trở thành Nông dân Việt Nam xuất sắc 2023 nhờ 'xé rào', đem lại sức sống cho cây chè Suối Giàng",https://danviet.vn/nguoi-phu-nu-tro-thanh-nong-dan-viet-nam-xuat-sac-2023-nho-dem-lai-suc-song-cho-cay-che-suoi-giang-20230926163215041-d1120140.html
43,26/09/2023,1119941,Nông dân Việt Nam xuất sắc 2023,"Trồng cam quýt lời hơn 20 tỷ/năm, tỷ phú Bình Dương là Nông dân Việt Nam xuất sắc 2023",https://danviet.vn/trong-cam-quyt-loi-hon-20-ty-nam-ty-phu-binh-duong-la-nong-dan-viet-nam-xuat-sac-2023-20230925185631607-d1119941.html
44,24/09/2023,1119702,Nông dân Việt Nam xuất sắc 2023,"Trồng lúa cánh đồng lớn thu 20 tỷ/năm, một giám đốc ở Tiền Giang là Nông dân Việt Nam xuất sắc 2023",https://danviet.vn/trong-lua-canh-dong-lon-thu-20-ty-nam-giam-doc-o-tien-giang-la-nong-dan-viet-nam-xuat-sac-2023-20230924161021501-d1119702.html
45,21/09/2023,1118863,Nông dân Việt Nam xuất sắc 2023,"Từ làm thuê, một người Yên Bái nay thành Nông dân Việt Nam xuất sắc 2023, thu nhập tiền tỷ/năm",https://danviet.vn/tu-lam-thue-mot-nguoi-yen-bai-nay-thanh-nong-dan-viet-nam-xuat-sac-2023-thu-nhap-tien-ty-nam-20230920100154764-d1118863.html
46,20/09/2023,57714,Nông dân Việt Nam xuất sắc 2023,"Nông dân Việt Nam xuất sắc 2023 đến từ Sài Thành là cô gái trồng hoa lan, tự trả lương cao từ hoa lan",https://danviet.vn/nong-dan-viet-nam-xuat-sac-2023-den-tu-tp-hcm-la-co-gai-trong-hoa-lan-tu-tra-luong-cao-20230919174411675-d57714.html
47,19/09/2023,1118435,Nông dân Việt Nam xuất sắc 2023,Nông dân Việt Nam xuất sắc 2023 đến từ Khánh Hòa trồng cây gì mà thu tiền tỷ?,https://danviet.vn/nong-dan-viet-nam-xuat-sac-2023-den-tu-khanh-hoa-trong-cay-gi-ma-thu-tien-ty-20230918101033887-d1118435.html
48,18/09/2023,1117955,Nông dân Việt Nam xuất sắc 2023,"Trồng lúa kiểu gì mà ông nông dân Cần Thơ thu lãi 'khủng', nhận danh hiệu Nông dân Việt Nam xuất sắc 2023?",https://danviet.vn/trong-lua-kieu-gi-ma-ong-nong-dan-can-tho-thu-lai-khung-la-nong-dan-viet-nam-xuat-sac-2023-20230915124557325-d1117955.html
49,15/09/2023,1117824,Nông dân Việt Nam xuất sắc 2023,Một nông dân làm ra thứ bánh đặc sản Phú Yên lãi tiền tỷ là Nông dân Việt Nam xuất sắc 2023,https://danviet.vn/mot-nong-dan-lam-ra-thu-banh-dac-san-phu-yen-lai-tien-ty-la-nong-dan-viet-nam-xuat-sac-2023-20230914180127656-d1117824.html
50,14/09/2023,1117680,Nông dân xuất sắc 2023,Nông dân xuất sắc 2023 đến từ Hà Nam có lợi nhuận tốt nhờ 'nhất nghệ tinh nhất thân vinh',https://danviet.vn/nong-dan-xuat-sac-2023-den-tu-ha-nam-lai-10-ty-nam-nho-nghe-moc-nhat-nghe-tinh-nhat-than-vinh-20230913224013703-d1117680.html
51,14/09/2023,1117617,Nông dân Việt Nam xuất sắc 2023,Tỷ phú đánh bắt loài cá ngừ đại dương ở Phú Yên là Nông dân Việt Nam xuất sắc 2023,https://danviet.vn/ty-phu-danh-bat-loai-ca-ca-ngu-dai-duong-khong-lo-o-phu-yen-la-nong-dan-viet-nam-xuat-sac-2023-20230913165411563-d1117617.html
52,13/09/2023,1117600,Nông dân Việt Nam xuất sắc 2023,"Nuôi con “siêu lợi nhuận”, một người Long An thu tiền tỷ, là Nông dân Việt Nam xuất sắc 2023",https://danviet.vn/nuoi-tom-sieu-loi-nhuan-mot-nguoi-long-an-thu-tien-ty-la-nong-dan-viet-nam-xuat-sac-2023-20230913154622527-d1117600.html
53,04/09/2023,1115815,Nông dân Việt Nam xuất sắc 2023,"Mở lò làm vôi bột thu 4 tỷ/năm, ông chủ lò vôi ở Quảng Trị là Nông dân Việt Nam xuất sắc 2023",https://danviet.vn/mo-lo-san-xuat-voi-bot-thu-4-ty-dong-nam-ong-chu-lo-voi-o-quang-tri-thanh-nong-dan-viet-nam-xuat-sac-2023-20230903175609637-d1115815.html
54,01/09/2023,1115377,Nông dân Việt Nam xuất sắc 2023,"Trồng 40ha cây ăn trái hữu cơ, 9X Lâm Đồng được chọn là nông dân Việt Nam xuất sắc 2023",https://danviet.vn/mot-nong-dan-viet-nam-xuat-sac-2023-den-tu-lam-dong-cam-chac-gia-san-tien-ty-nho-sau-rieng-20230831184659571-d1115377.html
55,28/08/2023,838597,Nông dân xuất sắc 2023,"Thu tiền tỷ nhờ trồng nấm đếm không xuể, một Giám đốc ở Nam Định được bình chọn là Nông dân xuất sắc 2023",https://danviet.vn/ong-nguyen-van-thanh-nong-dan-trong-nam-thu-tien-ty-o-nam-dinh-la-nong-dan-viet-nam-xuat-sac-2023082721400139-d838597.html
56,25/08/2023,1114181,Nông dân Việt Nam xuất sắc 2023,'Ông vua' của các sản phẩm OCOP ở Cà Mau là Nông dân Việt Nam xuất sắc 2023,https://danviet.vn/ba-chuong-ong-vua-cua-cac-san-pham-ocop-lam-tu-tom-va-hai-san-co-doanh-thu-cuc-khung-o-ca-mau-20230825123503859-d1114181.html
57,24/08/2023,1113650,Nông dân Việt Nam xuất sắc 2023,"Làm trà sạch xuất khẩu ra nước ngoài, một giám đốc ở Thái Nguyên là Nông dân Việt Nam xuất sắc 2023",https://danviet.vn/xuat-khau-tra-dac-san-ra-nuoc-ngoai-giam-doc-o-thai-nguyen-la-nong-dan-viet-nam-xuat-sac-20230822161925036-d1113650.html
58,23/08/2023,1113788,Nông dân xuất sắc 2023,"Tỷ phú nuôi tôm công nghệ cao, nuôi con vạng ở Nam Định là Nông dân xuất sắc 2023",https://danviet.vn/ty-phu-nuoi-tom-cong-nghe-cao-nuoi-con-vang-o-nam-dinh-la-nong-dan-xuat-sac-2023-20230823122858948-d1113788.html
59,23/08/2023,1113698,Nông dân Việt Nam xuất sắc 2023,Nữ Nông dân Việt Nam xuất sắc 2023 ở Lâm Đồng làm gì mà thu hàng chục tỷ/năm?,https://danviet.vn/nu-nong-dan-viet-nam-xuat-sac-2023-o-lam-dong-lam-gi-ma-thu-hang-chuc-ty-nam-20230822214615262-d1113698.html
60,22/08/2023,1113478,Nông dân Việt Nam xuất sắc 2023,"Chuyện lạ Sóc Trăng, trồng chanh ngọt trông như trái xoài, chủ vườn là Nông dân Việt Nam xuất sắc 2023",https://danviet.vn/chuyen-la-soc-trang-trong-chanh-ngot-trong-nhu-trai-xoai-chu-vuon-la-nong-dan-viet-nam-xuat-sac-20230821204643584-d1113478.html
61,22/08/2023,1113360,Nông dân Việt Nam xuất sắc 2023,"Vận động 20 tỷ xây cầu đường nông thôn, một người Đồng Tháp là Nông dân Việt Nam xuất sắc 2023",https://danviet.vn/trong-lua-canh-dong-thang-canh-co-bay-tim-20-ty-lam-cau-duong-o-dong-thap-ca-lang-phuc-lan-20230821112032274-d1113360.html
62,20/08/2023,1112935,Nông dân Việt Nam xuất sắc 2023,"Sao chè thành tỷ phú ở Lai Châu, thu 50 tỷ/năm, được bình chọn là Nông dân Việt Nam xuất sắc 2023",https://danviet.vn/sao-che-thanh-ty-phu-o-lai-chau-thu-50-ty-nam-binh-chon-la-nong-dan-viet-nam-xuat-sac-2023-20230818172856543-d1112935.html
63,19/08/2023,1112766,Nông dân Việt Nam xuất sắc 2023,"'Biến' đá thành tiền tỷ, một người Ninh Bình được bình chọn là Nông dân Việt Nam xuất sắc 2023",https://danviet.vn/bien-da-thanh-tien-ty-mot-nguoi-ninh-binh-duoc-binh-chon-la-nong-dan-viet-nam-xuat-sac-2023-20230817224306239-d1112766.html
64,19/08/2023,838431,Nông dân Việt Nam xuất sắc 2023,"Vườn mít Thái, thanh nhãn ra trái quá trời ở Đồng Tháp, ông chủ là Nông dân Việt Nam xuất sắc 2023",https://danviet.vn/vuon-mit-thai-thanh-nhan-ra-trai-qua-troi-o-dong-thap-ong-chu-la-nong-dan-viet-nam-xuat-sac-2023081811580803-d838431.html
65,18/08/2023,1112713,Nông dân Việt Nam xuất sắc 2023,"Bấm điện thoại nuôi cá to bự, thu 4 tỷ/năm, ông nông dân Ninh Bình là Nông dân Việt Nam xuất sắc 2023",https://danviet.vn/nuoi-ca-toan-con-to-bu-thu-4-ty-nam-ong-nong-dan-ninh-binh-la-nong-dan-viet-nam-xuat-sac-2023-20230817165309228-d1112713.html
66,18/08/2023,1112438,Nông dân Việt Nam xuất sắc 2023,Tỷ phú thanh long VietGAP ở Bình Thuận có cánh đồng thẳng cánh cò bay là Nông dân Việt Nam xuất sắc 2023,https://danviet.vn/ty-phu-trong-thanh-long-xuat-khau-o-binh-thuan-co-canh-dong-thang-canh-co-bay-dep-nhu-phim-20230816104638076-d1112438.html
67,16/08/2023,1112189,Nông dân Việt Nam xuất sắc 2023,"Lãi tiền tỷ nhờ nuôi loại chim khổng lồ chả biết bay ở Hải Dương, bà chủ là Nông dân Việt Nam xuất sắc 2023",https://danviet.vn/lai-tien-ty-nho-nuoi-da-dieu-chim-khong-lo-o-hai-duong-ba-chu-la-nong-dan-viet-nam-xuat-sac-20230815073736527-d1112189.html
68,14/08/2023,1112026,Nông dân Việt Nam xuất sắc 2023,"Một ông Nông dân Việt Nam xuất sắc 2023 xưa đi làm thuê, nay là ông chủ 5 tàu cá “khủng” ở Ninh Thuận",https://danviet.vn/dua-5-tau-lon-di-danh-bat-ca-to-o-dai-duong-dao-lon-ngoai-bien-dong-mot-nguoi-ninh-thuan-la-ty-phu-20230814094452522-d1112026.html
69,13/08/2023,1111658,Nông dân Việt Nam xuất sắc 2023,"Cấy lúa, làm bánh, một HTX ở Quảng Nam có doanh thu 30 tỷ/năm, ông giám đốc là Nông dân Việt Nam xuất sắc 2023",https://danviet.vn/cay-lua-lam-banh-mot-htx-o-quang-nam-thu-30-ty-nam-ong-chu-la-nong-dan-viet-nam-xuat-sac-2023-20230811213432527-d1111658.html
70,12/08/2023,1111409,Nông dân Việt Nam xuất sắc 2023,Nông dân Việt Nam xuất sắc 2023 đến từ tỉnh Lạng Sơn là một người lập nghiệp với 1 sào ruộng,https://danviet.vn/hai-vo-chong-tre-o-lang-son-trong-thu-cay-ra-hoa-thom-khap-lang-ban-dat-tien-do-la-hoa-gi-20230810150056735-d1111409.html
71,10/08/2023,1111346,Nông dân Việt Nam xuất sắc 2023,"Nuôi loại cá đặc sản làm món gì cũng 'bá cháy', Nông dân Việt Nam xuất sắc 2023 ở Hậu Giang là tỷ phú",https://danviet.vn/nuoi-ca-that-lat-dac-san-lam-mon-gi-cung-ngon-ba-chay-mot-ong-nong-dan-hau-giang-la-ty-phu-20230810101129519-d1111346.html
72,10/08/2023,1111217,Nông dân Việt Nam xuất sắc 2023,"Mô hình trồng 6 ha lúa, sắm 8 máy gặt ở Trà Vinh của một Nông dân Việt Nam xuất sắc 2023",https://danviet.vn/trong-lua-kieu-gi-ma-mot-nong-dan-tra-vinh-giau-han-len-la-nong-dan-viet-nam-xuat-sac-2023-20230809152534551-d1111217.html
73,09/08/2023,1111186,Nông dân Việt Nam xuất sắc 2023,"Hơn 35 năm “cưỡi sóng” bạc Hoàng Sa, một ngư dân Đà Nẵng được bình chọn là Nông dân Việt Nam xuất sắc 2023",https://danviet.vn/13-tuoi-da-ra-bien-danh-bat-toan-ca-to-bu-nay-anh-ngu-dan-da-nang-la-nong-dan-viet-nam-xuat-sac-20230809121338495-d1111186.html
74,08/08/2023,1110829,Nông dân Việt Nam xuất sắc 2023,Khám phá vườn mít ruột đỏ trái to bự ở Vĩnh Long của Nông dân Việt Nam xuất sắc 2023,https://danviet.vn/trong-mit-ruot-do-trai-to-bu-vo-xem-vuon-tien-ty-o-vinh-long-cua-nong-dan-viet-nam-xuat-sac-2023-20230807165104275-d1110829.html
75,06/08/2023,1110423,Nông dân Việt Nam xuất sắc 2023,Một thầy giáo ở Đà Nẵng làm thứ nước chấm 'quốc hồn quốc túy' là Nông dân Việt Nam xuất sắc 2023,https://danviet.vn/lam-nuoc-mam-quoc-hon-quoc-tuy-mot-thay-giao-da-nang-la-nong-dan-viet-nam-xuat-sac-2023-20230805132114314-d1110423.html
76,06/08/2023,838178,Nông dân Việt Nam xuất sắc 2023,"Một Nông dân Việt Nam xuất sắc 2023 ở Quảng Bình sắm tàu săn cá ngừ, cá nục, có chuyến thu tiền tỷ",https://danviet.vn/sam-tau-san-ca-ngu-ca-nuc-mot-nong-dan-quang-binh-thu-tien-ty-ca-lang-phuc-lan-2023080516473601-d838178.html
77,05/08/2023,1110328,Nông dân Việt Nam xuất sắc 2023,"Nông dân Việt Nam xuất sắc 2023 đến từ Sơn La là một người làm du lịch nông nghiệp, vườn đẹp như phim",https://danviet.vn/nong-dan-viet-nam-xuat-sac-2023-den-tu-son-la-lam-du-lich-nong-nghiep-vuon-dep-nhu-phim-20230804191209338-d1110328.html
78,04/08/2023,1102472,Nông dân Việt Nam xuất sắc 2023,"Xin tiền mua lẩu và bia, đi tìm... 'bí kíp' khởi nghiệp làm nông rồi thành luôn nông dân Việt Nam xuất sắc 2023",https://danviet.vn/nong-dan-viet-nam-xuat-sac-nguyen-hong-quyet-va-niem-tran-tro-cung-nong-dan-lien-ket-lam-giau-20230626160736993-d1102472.html
79,04/08/2023,1110036,Nông dân Việt Nam xuất sắc 2023,Một người Quảng Bình làm 13 sản phẩm OCOP từ hải sản là Nông dân Việt Nam xuất sắc 2023,https://danviet.vn/mot-ty-phu-nguoi-quang-binh-lam-13-san-pham-ocop-tu-hai-san-la-nong-dan-viet-nam-xuat-sac-2023-20230803112131246-d1110036.html
80,03/08/2023,1109989,Nông dân Việt Nam xuất sắc 2023,Tỷ phú nuôi lợn 5 lần 7 lượt suýt phá sản ở Hải Dương là Nông dân Việt Nam xuất sắc 2023,https://danviet.vn/ty-phu-nuoi-lon-5-lan-7-luot-suyt-pha-san-o-hai-duong-la-nong-dan-viet-nam-xuat-sac-2023-20230802234958371-d1109989.html
81,03/08/2023,1109782,Nông dân Việt Nam xuất sắc 2023,"Nông dân Việt Nam xuất sắc 2023 đến từ Hải Phòng trồng lúa, làm ra thứ gạo gì mà ai cũng muốn mua?",https://danviet.vn/cay-lua-lam-gao-ruoi-van-nguoi-me-o-hai-phong-chi-la-nong-dan-viet-nam-xuat-sac-2023-20230802072925888-d1109782.html
82,02/08/2023,1108800,Nông dân Việt Nam xuất sắc 2023,Một nông dân từng nghèo rớt ở Hà Tĩnh giờ thành Nông dân Việt Nam xuất sắc 2023 nhờ thứ gỗ gì?,https://danviet.vn/lam-nha-go-mit-mot-nong-dan-ngheo-ha-tinh-gio-thanh-nong-dan-viet-nam-xuat-sac-2023-20230727175310967-d1108800.html
83,30/07/2023,1109306,Nông dân Việt Nam xuất sắc 2023,Nông dân Việt Nam xuất sắc 2023 đến từ Nghệ An làm trang trại VietGAP kiểu gì mà thu 25 tỷ/năm?,https://danviet.vn/trang-trai-cua-nong-dan-viet-nam-xuat-sac-2023-o-nghe-an-trong-gi-nuoi-gi-ma-thu-25-ty-nam-20230730161945593-d1109306.html
84,04/07/2023,1104066,Nông dân Việt Nam xuất sắc 2023,Chính thức công bố danh sách 100 Nông dân Việt Nam xuất sắc năm 2023,https://danviet.vn/cong-bo-danh-sach-100-nong-dan-viet-nam-xuat-sac-nam-2023-20230704105938897-d1104066.html
85,09/06/2023,1099105,Nông dân Việt Nam xuất sắc 2023,"Đã tìm ra 100 Nông dân Việt Nam xuất sắc năm 2023, người có doanh thu cao nhất là 140 tỷ/năm",https://danviet.vn/da-tim-ra-100-nong-dan-viet-nam-xuat-sac-nam-2023-nguoi-co-doanh-thu-cao-nhat-la-140-ty-nam-20230609154812794-d1099105.html
86,09/06/2023,1099052,Nông dân Việt Nam xuất sắc 2023,Họp chấm chung khảo bình chọn 'Nông dân Việt Nam xuất sắc 2023',https://danviet.vn/hinh-anh-hop-cham-chung-khao-binh-chon-nong-dan-viet-nam-xuat-sac-2023-20230609113907778-d1099052.html
