STT,Ngày đăng,Chuyên mục,Tiêu đề,Link,Giữ lại? (Có/Không),Ghi chú
1,26/10/2023,,Vụ Nông dân Việt Nam xuất sắc ở Hưng Yên kêu cứu: Nông dân có quyền khởi kiện ra tòa để giải quyết,https://danviet.vn/vu-nong-dan-viet-nam-xuat-sac-o-hung-yen-keu-cuu-nong-dan-co-quyen-khoi-kien-ra-toa-de-giai-quyet-20230914151053971-d1117785.html,Không,Đề xuất loại: không thuộc chương trình Tự hào Nông dân Việt Nam 2023
2,18/10/2023,Sự kiện & Vinh danh,Bình Điền đồng hành cùng Chương trình Tự hào Nông dân Việt Nam,https://danviet.vn/binh-dien-dong-hanh-cung-chuong-trinh-tu-hao-nong-dan-viet-nam-20231018184824056-d1124284.html,Có,
3,17/10/2023,Gương mặt điển hình,"Nông dân Việt Nam xuất sắc, Hợp tác xã tiêu biểu truyền cảm hứng làm giàu, khát vọng vươn lên",https://danviet.vn/nong-dan-viet-nam-xuat-sac-hop-tac-xa-tieu-bieu-truyen-cam-hung-lam-giau-khat-vong-vuon-len-20231015181538551-d1123684.html,Có,
4,15/10/2023,Gương mặt điển hình,Nông dân Việt Nam xuất sắc 2023: Quyết đi 'du học' để chủ động sản xuất giống cá nước lạnh,https://danviet.vn/nong-dan-viet-nam-xuat-sac-2023-quyet-di-du-hoc-de-chu-dong-san-xuat-giong-ca-nuoc-lanh-20231015021332886-d1123584.html,Có,
5,14/10/2023,Diễn đàn & Chính sách,Bình Điền đồng hành cùng Diễn đàn Nông dân Quốc gia,https://danviet.vn/binh-dien-dong-hanh-cung-dien-dan-nong-dan-quoc-gia-20231014154603118-d1123523.html,Có,
6,14/10/2023,Sự kiện & Vinh danh,"Tham gia chuỗi Chương trình Tự hào Nông dân Việt Nam 2023, chủ một hợp tác xã chốt được nhiều đơn hàng",https://danviet.vn/tham-gia-chuoi-chuong-trinh-tu-hao-nong-dan-viet-nam-2023-chu-mot-hop-tac-xa-chot-duoc-nhieu-don-hang-20231014160223703-d1123526.html,Có,
7,14/10/2023,Hình ảnh & Video,Video: Phó Chủ tịch Thường trực Quốc hội Trần Thanh Mẫn phát biểu tại Lễ tôn vinh Nông dân xuất sắc và HTX tiêu biểu,https://danviet.vn/video-pho-chu-tich-thuong-truc-quoc-hoi-tran-thanh-man-phat-bieu-tai-le-ton-vinh-nong-dan-xuat-sac-va-htx-tieu-bieu-20231014035253966-d1123431.html,Có,
8,14/10/2023,Hình ảnh & Video,Video: Chủ tịch Hội NDVN Lương Quốc Đoàn phát biểu tại Lễ tôn vinh 163 Nông dân Việt Nam xuất sắc và HTX tiêu biểu,https://danviet.vn/video-chu-tich-hoi-ndvn-luong-quoc-doan-phat-bieu-tai-le-ton-vinh-163-nong-dan-viet-nam-xuat-sac-va-htx-tieu-bieu-20231014032114512-d1123429.html,Có,
9,14/10/2023,Hình ảnh & Video,Nhìn lại chuỗi chương trình Tự hào Nông dân Việt Nam năm 2023 qua loạt hình ảnh đáng nhớ,https://danviet.vn/nhin-lai-chuoi-chuong-trinh-tu-hao-nong-dan-viet-nam-qua-loat-hinh-anh-dang-nho-20231014015211445-d1123427.html,Có,
10,14/10/2023,Gương mặt điển hình,"Nông dân Việt Nam xuất sắc 2023: Đọc lại bài báo viết về mình, tôi xúc động rơi nước mắt",https://danviet.vn/nong-dan-viet-nam-xuat-sac-2023-doc-lai-bai-bao-viet-ve-minh-toi-xuc-dong-roi-nuoc-mat-20231014004535392-d1123426.html,Có,
11,14/10/2023,Gương mặt điển hình,Nông dân Việt Nam xuất sắc 2023 đến từ Bắc Ninh chế tạo nhiều loại máy phay lên luống 5 trong 1,https://danviet.vn/mot-nong-dan-bac-ninh-sang-che-che-tao-thanh-cong-nhieu-loai-may-phay-len-luong-5-trong-1-20231013175146949-d1123385.html,Có,
12,14/10/2023,Hình ảnh & Video,Hình ảnh đẹp Lễ tôn vinh và trao danh hiệu cho 100 NDVN xuất sắc và biểu dương 63 HTX tiêu biểu,https://danviet.vn/le-ton-vinh-va-trao-danh-hieu-cho-100-ndvn-xuat-sac-va-bieu-duong-63-htx-tieu-bieu-20231014000602881-d1123424.html,Có,
13,13/10/2023,Diễn đàn & Chính sách,Phó Chủ tịch Thường trực Quốc hội Trần Thanh Mẫn phát biểu tại Lễ tôn vinh Nông dân xuất sắc và HTX tiêu biểu,https://danviet.vn/pho-chu-tich-thuong-truc-quoc-hoi-tran-thanh-man-phat-bieu-tai-le-ton-vinh-nong-dan-xuat-sac-va-htx-tieu-bieu-20231013225429308-d1123419.html,Có,
14,13/10/2023,Diễn đàn & Chính sách,Bài phát biểu của Chủ tịch Hội NDVN Lương Quốc Đoàn tại Lễ tôn vinh Nông dân Việt Nam xuất sắc và HTX tiêu biểu,https://danviet.vn/bai-phat-bieu-cua-chu-tich-hoi-ndvn-luong-quoc-doan-tai-le-ton-vinh-nong-dan-viet-nam-xuat-sac-va-htx-tieu-bieu-20231013205110659-d1123403.html,Có,
15,13/10/2023,Diễn đàn & Chính sách,"Chuỗi Chương trình Tự hào Nông dân Việt Nam 2023 là cơ hội để nông dân, HTX tiếp cận chính sách, vốn...",https://danviet.vn/chuoi-chuong-trinh-tu-hao-nong-dan-viet-nam-2023-la-co-hoi-de-nong-dan-htx-tiep-can-chinh-sach-von-2023101320041759-d839606.html,Có,
16,13/10/2023,Sự kiện & Vinh danh,Lễ tôn vinh và trao danh hiệu cho 100 'Nông dân Việt Nam xuất sắc 2023' và biểu dương 63 HTX tiêu biểu toàn quốc,https://danviet.vn/le-ton-vinh-va-trao-danh-hieu-cho-100-nong-dan-viet-nam-xuat-sac-2023-va-bieu-duong-63-htx-tieu-bieu-toan-quoc-20231013172430983-d1123381.html,Có,
17,13/10/2023,Sự kiện & Vinh danh,Danh sách trích ngang thành tích của 100 Nông dân Việt Nam xuất sắc 2023,https://danviet.vn/trich-ngang-thanh-tich-cua-100-nong-dan-viet-nam-xuat-sac-2023-2023101318063041-d839604.html,Có,
18,13/10/2023,Gương mặt điển hình,"Nông dân Việt Nam xuất sắc, Hợp tác xã tiêu biểu dẫn dắt phong trào thi đua yêu nước trong nông nghiệp, nông thôn",https://danviet.vn/ong-luong-quoc-doan-chu-tich-hoi-ndvn-noi-ve-vai-tro-cua-nong-dan-xuat-sac-htx-tieu-bieu-2023101217462716-d839579.html,Có,
19,13/10/2023,Sự kiện & Vinh danh,"9 kỷ lục ấn tượng của 100 Nông dân Việt Nam xuất sắc 2023, có tỷ phú nuôi tôm lợi nhuận 50 tỷ/năm",https://danviet.vn/9-ky-luc-an-tuong-cua-100-nong-dan-viet-nam-xuat-sac-2023-ty-phu-nuoi-tom-loi-nhuan-50-ty-nam-20231012181413062-d1123193.html,Có,
20,13/10/2023,Hình ảnh & Video,Video: Chủ tịch Hội NDVN Lương Quốc Đoàn nói về 5 dấu ấn đặc biệt của các Nông dân Việt Nam xuất sắc,https://danviet.vn/chu-tich-hoi-ndvn-luong-quoc-doan-noi-ve-5-dau-an-dac-biet-cua-cac-nong-dan-viet-nam-xuat-sac-20231011225704097-d1123020.html,Có,
21,12/10/2023,Sự kiện & Vinh danh,163 NDVNXS và HTX tiêu biểu 2023 nhận bằng khen từ Trung ương Hội nông dân Việt Nam,https://danviet.vn/163-ndvnxs-va-htx-tieu-bieu-2023-nhan-bang-khen-tu-trung-uong-hoi-nong-dan-viet-nam-20231012203848266-d1123204.html,Có,
22,12/10/2023,Diễn đàn & Chính sách,Diễn đàn Nông dân Quốc gia năm 2023: Chuyên gia hiến kế chọn ngành nghề mới để HTX tạo ra thu nhập cao,https://danviet.vn/chuyen-gia-hien-ke-chon-nganh-nghe-moi-de-hop-tac-xa-tao-ra-thu-nhap-cao-20231012175649943-d1123184.html,Có,
23,12/10/2023,Sự kiện & Vinh danh,"Thường trực T.Ư Hội NDVN Gặp mặt 163 NDVNXS và HTX tiêu biểu 2023: Nhiều đề xuất 'cởi trói' về vốn, đất đai, thị trường",https://danviet.vn/thuong-truc-tu-hoi-ndvn-gap-mat-163-ndvnxs-va-htx-tieu-bieu-2023-nhieu-de-xuat-coi-troi-ve-von-dat-dai-thi-truong-20231012170120578-d1123169.html,Có,
24,12/10/2023,Sự kiện & Vinh danh,"Ra mắt 'Mạng lưới Nông dân Việt Nam xuất sắc', quy tụ gần 800 nông dân tỷ phú, triệu phú",https://danviet.vn/ra-mat-mang-luoi-nong-dan-viet-nam-xuat-sac-tao-cam-hung-cho-nong-dan-viet-cung-vuon-len-lam-giau-20231012170406939-d1123170.html,Có,
25,12/10/2023,Gương mặt điển hình,"Làm nông nghiệp sạch trên cao nguyên đá Đồng Văn, một cô gái Cờ Lao là Nông dân Việt Nam xuất sắc",https://danviet.vn/lam-nong-nghiep-sach-tren-dong-van-cua-ha-giang-co-gai-co-lao-la-nong-dan-viet-nam-xuat-sac-20231012155244381-d1123156.html,Có,
26,12/10/2023,Sự kiện & Vinh danh,"Ra mắt Mạng lưới Nông dân Việt Nam xuất sắc: Học được ý chí, cách làm của nhau!",https://danviet.vn/ra-mat-mang-luoi-nong-dan-viet-nam-xuat-sac-hoc-duoc-y-chi-cach-lam-cua-nhau-20231012130611962-d1123118.html,Có,
27,12/10/2023,Hình ảnh & Video,Toàn cảnh Diễn đàn Nông dân Quốc gia lần thứ VIII năm 2023: Hội NDVN tham gia phát triển kinh tế trong nông nghiệp,https://danviet.vn/toan-canh-dien-dan-nong-dan-quoc-gia-lan-thu-viii-nam-2023-20231012134855762-d1123122.html,Có,
28,12/10/2023,Diễn đàn & Chính sách,Toàn văn bài phát biểu của Chủ tịch BCH T.Ư Hội Nông dân Việt Nam tại Diễn đàn Nông dân Quốc gia lần thứ 8,https://danviet.vn/toan-van-bai-phat-bieu-cua-chu-tich-bch-hoi-nong-dan-viet-nam-tai-dien-dan-nong-dan-quoc-gia-lan-thu-8-20231012092919429-d1123056.html,Có,
29,12/10/2023,Diễn đàn & Chính sách,Diễn đàn Nông dân Quốc gia lần thứ VIII: Hội Nông dân Việt Nam tham gia phát triển kinh tế tập thể trong nông nghiệp,https://danviet.vn/pho-thu-tuong-le-minh-khai-du-dien-dan-nong-dan-quoc-gia-lan-thu-8-20231012081815058-d1123043.html,Có,
30,12/10/2023,Diễn đàn & Chính sách,"Sáng nay 12/10, khai mạc Diễn đàn Nông dân quốc gia lần VIII năm 2023: Hội NDVN tham gia phát triển kinh tế tập thể",https://danviet.vn/sang-nay-12-10-khai-mac-dien-dan-nong-dan-quoc-gia-lan-viii-nam-2023-hoi-ndvn-tham-gia-phat-trien-kinh-te-tap-the-20231011144519339-d1122941.html,Có,
31,12/10/2023,Gương mặt điển hình,"Một Nông dân Việt Nam xuất sắc ở Quảng Bình nuôi cá lóc, kéo mẻ lưới lên cả làng trầm trồ, thu tiền tỷ",https://danviet.vn/mot-nong-dan-o-quang-binh-nuoi-ca-loc-day-dac-keo-me-luoi-len-ca-lang-tram-tro-thu-tien-ty-20231009093728462-d1122471.html,Có,
32,11/10/2023,Gương mặt điển hình,"Vườn cam, bưởi hữu cơ đẹp như phim của Nông dân Việt Nam xuất sắc 2023 đến từ Bắc Giang",https://danviet.vn/vuon-cam-buoi-huu-co-dep-nhu-phim-cua-nong-dan-viet-nam-xuat-sac-2023-den-tu-bac-giang-20231011095828483-d1122870.html,Có,
33,11/10/2023,Gương mặt điển hình,"Nông dân Việt Nam xuất sắc 2023 tranh thủ 'PR' gạo VD20, mì Chũ trong ngày về Thủ đô",https://danviet.vn/nong-dan-viet-nam-xuat-sac-2023-tranh-thu-pr-gao-vd20-mi-chu-trong-ngay-ve-thu-do-20231011153926594-d1122950.html,Có,
34,11/10/2023,Sự kiện & Vinh danh,100 nông dân Việt Nam xuất sắc đã có mặt tại Hà Nội để đón chuỗi sự kiện Tự hào nông dân Việt Nam 2023,https://danviet.vn/100-nong-dan-viet-nam-xuat-sac-da-co-mat-tai-ha-noi-20231011134928545-d1122925.html,Có,
35,11/10/2023,Gương mặt điển hình,"Trên thảo nguyên Tá Miếu ở Điện Biên, một người Hà Nhì nuôi bò kiểu gì mà thành Nông dân Việt Nam xuất sắc?",https://danviet.vn/o-dien-bien-mot-nguoi-ha-nhi-nuoi-bo-sinh-san-kieu-gi-ma-thanh-nong-dan-viet-nam-xuat-sac-20231010054720838-d1122649.html,Có,
36,11/10/2023,Gương mặt điển hình,"Tự hào Nông dân Việt Nam 2023: Bắc Giang xây dựng thương hiệu HTX, đưa nông sản vào các khu công nghiệp",https://danviet.vn/bac-giang-lam-gi-de-xay-dung-thuong-hieu-htx-dua-nong-san-vao-cac-khu-cong-nghiep-20231010211013362-d1122808.html,Có,
37,11/10/2023,Diễn đàn & Chính sách,Diễn đàn Nông dân Quốc gia năm 2023: Chủ tịch Hội ND tỉnh An Giang chia sẻ bài học liên kết nông dân- doanh nghiệp,https://danviet.vn/dien-dan-nong-dan-quoc-gia-nam-2023-chu-tich-hoi-nd-tinh-an-giang-chia-se-bai-hoc-lien-ket-nong-dan-doanh-nghiep-20231010200831074-d1122800.html,Có,
38,11/10/2023,Gương mặt điển hình,"Từng là hộ nghèo, nay Nông dân Việt Nam xuất sắc 2023 ở Tuyên Quang thu 6 tỷ/năm từ nuôi lợn, trồng bưởi",https://danviet.vn/tu-ho-ngheo-nay-nong-dan-viet-nam-xuat-sac-o-tuyen-quang-thu-6-ty-nam-tu-nuoi-lon-trong-buoi-20231010113802611-d1122699.html,Có,
39,10/10/2023,Gương mặt điển hình,"Nông dân Việt Nam xuất sắc 2023 đến từ Kiên Giang là một tỷ phú từng nghèo, 10 năm 'gạo chợ nước sông'",https://danviet.vn/nong-dan-viet-nam-xuat-sac-den-tu-kien-giang-la-mot-ty-phu-tung-co-10-nam-gao-cho-nuoc-song-20231009164144568-d1122571.html,Có,
40,10/10/2023,Gương mặt điển hình,"Một người ở Long An nuôi gà trong trại lạnh, đẻ trứng sòn sòn là Nông dân Việt Nam xuất sắc 2023",https://danviet.vn/mot-nguoi-o-long-an-nuoi-ga-trong-trai-lanh-de-trung-son-son-la-nong-dan-viet-nam-xuat-sac-20231008102203887-d1122323.html,Có,
41,09/10/2023,Gương mặt điển hình,Người Hà Nội sáng chế máy nông nghiệp '15 trong 1' được bình chọn là Nông dân Việt Nam xuất sắc 2023,https://danviet.vn/nguoi-ha-noi-sang-che-may-nong-nghiep-15-trong-1-la-nong-dan-viet-nam-xuat-sac-20231008213153573-d1122431.html,Có,
42,09/10/2023,Gương mặt điển hình,"Trồng nấm công nghệ cao, anh nông dân 8X ở Hưng Yên là Nông dân Việt Nam xuất sắc 2023",https://danviet.vn/trong-nam-cong-nghe-cao-anh-nong-dan-8x-o-hung-yen-la-nong-dan-viet-nam-xuat-sac-2023-20231008125048729-d1122349.html,Có,
43,09/10/2023,Gương mặt điển hình,Một ông Giám đốc HTX ở Thanh Hóa được bình chọn danh hiệu Nông dân Việt Nam xuất sắc 2023,https://danviet.vn/mot-ong-giam-doc-htx-o-thanh-hoa-duoc-binh-chon-nhan-danh-hieu-nong-dan-viet-nam-xuat-sac-20231006140447907-d1122007.html,Có,
44,08/10/2023,Gương mặt điển hình,"Nuôi gà lai chọi thả vườn, Nông dân Việt Nam xuất sắc 2023 đến từ Bắc Giang lãi 2,4 tỷ/năm",https://danviet.vn/nuoi-ga-lai-choi-tha-vuon-nong-dan-viet-nam-xuat-sac-2023-den-tu-bac-giang-lai-24-ty-dong-nam-20231008113938138-d1122337.html,Có,
45,08/10/2023,Gương mặt điển hình,"Nuôi ba ba, cá lóc lời 2,5 tỷ/năm; một chủ trang trại ở Tây Ninh là Nông dân Việt Nam xuất sắc 2023",https://danviet.vn/nuoi-ba-ba-ca-loc-loi-25-ty-nam-mot-chu-trang-trai-o-tay-ninh-la-nong-dan-viet-nam-xuat-sac-2023-20231007172642363-d1122218.html,Có,
46,07/10/2023,Gương mặt điển hình,"Triệu Tạ Hin, một người Hà Giang, từ hai bàn tay trắng đến danh hiệu “Nông dân Việt Nam xuất sắc 2023'",https://danviet.vn/trieu-ta-hin-mot-nguoi-ha-giang-giau-co-duoc-trao-tang-danh-hieu-nong-dan-viet-nam-xuat-sac-20231006172945879-d1122059.html,Có,
47,06/10/2023,Gương mặt điển hình,Nông dân Việt Nam xuất sắc 2023 đến từ Bắc Ninh biến khu lò gạch cũ thành trang trại thu 30 tỷ/năm,https://danviet.vn/lo-gach-bo-hoang-thanh-trang-trai-thu-hon-30-ty-nam-o-bac-ninh-la-nong-dan-viet-nam-xuat-sac-20231006031230493-d1121919.html,Có,
48,06/10/2023,Gương mặt điển hình,Tỷ phú nuôi tôm công nghệ cao ở Bến Tre được bình chọn là Nông dân Việt Nam xuất sắc 2023,https://danviet.vn/ty-phu-nuoi-tom-cong-nghe-cao-o-ben-tre-duoc-binh-chon-la-nong-dan-viet-nam-xuat-sac-2023-20231002192402597-d1121299.html,Có,
49,06/10/2023,Gương mặt điển hình,"Trồng loại nấm có giá 50 triệu/kg, một phụ nữ Bà Rịa-Vũng Tàu là Nông dân Việt Nam xuất sắc 2023",https://danviet.vn/trong-nam-nam-gi-ban-50-trieu-kg-mot-phu-nu-ba-ria-vung-tau-la-nong-dan-viet-nam-xuat-sac-20231005132456933-d1121801.html,Có,
50,06/10/2023,Gương mặt điển hình,"Lan tỏa những mô hình hay của Nông dân Việt Nam xuất sắc, Hợp tác xã tiêu biểu",https://danviet.vn/lan-toa-nhung-mo-hinh-hay-cua-nong-dan-viet-nam-xuat-sac-hop-tac-xa-tieu-bieu-20231005170525016-d1121858.html,Có,
51,06/10/2023,Gương mặt điển hình,"Trồng lúa giỏi, nuôi cả cá, tôm, một người ở Bà Rịa-Vũng Tàu là Nông dân Việt Nam xuất sắc 2023",https://danviet.vn/trong-lua-gioi-nuoi-ca-ca-tom-mot-nguoi-o-ba-ria-vung-tau-la-nong-dan-viet-nam-xuat-sac-20231005141738716-d57866.html,Có,
52,05/10/2023,Gương mặt điển hình,"Trưởng ấp ở TP HCM từng nghèo khó, nay trồng nấm thu 2 tỷ/năm là Nông dân Việt Nam xuất sắc 2023",https://danviet.vn/truong-ap-o-tp-hcm-trong-nam-thu-2-ty-nam-duoc-binh-chon-la-nong-dan-viet-nam-xuat-sac-20231003181137524-d1121493.html,Có,
53,05/10/2023,Gương mặt điển hình,"Đi lên từ hộ nghèo, Nông dân Việt Nam xuất sắc 2023 đến từ Cao Bằng trồng cây công nghiệp, nuôi trâu bò",https://danviet.vn/nong-dan-viet-nam-xuat-sac-2023-den-tu-cao-bang-la-nguoi-trong-cay-cong-nghiep-nuoi-trau-bo-2023100317063133-d839375.html,Có,
54,04/10/2023,Gương mặt điển hình,Sao một người Bình Định mất bạc tỷ do gà chết lụt nay được bình chọn là Nông dân Việt Nam xuất sắc?,https://danviet.vn/vi-sao-mot-nguoi-binh-dinh-mat-bac-ty-do-ga-chet-lut-nay-la-nong-dan-viet-nam-xuat-sac-2023-20231003161626503-d1121458.html,Có,
55,04/10/2023,Gương mặt điển hình,“Vua tôm thẻ' ở Bạc Liêu từ nghèo không cục đất chọi chim thành Nông dân Việt Nam xuất sắc 2023,https://danviet.vn/vua-tom-the-o-bac-lieu-tu-ngheo-khong-cuc-dat-choi-chim-thanh-nong-dan-viet-nam-xuat-sac-20231003140916495-d1121412.html,Có,
56,04/10/2023,Gương mặt điển hình,'Tổ chức tôn vinh 163 Nông dân Việt Nam xuất sắc và HTX nông nghiệp tiêu biểu là vinh dự lớn của chúng tôi',https://danviet.vn/ton-vinh-163-nong-dan-viet-nam-xuat-sac-va-htx-nong-nghiep-tieu-bieu-la-vinh-du-lon-20231004101555069-d1121587.html,Có,
57,04/10/2023,Gương mặt điển hình,Một người Bắc Giang 9 năm trước là Nông dân Việt Nam xuất sắc nay là giám đốc HTX tiêu biểu toàn quốc,https://danviet.vn/mot-nguoi-bac-giang-10-nam-truoc-la-nong-dan-viet-nam-xuat-sac-nay-la-giam-doc-htx-tieu-bieu-20231003171805325-d1121476.html,Có,
58,04/10/2023,Gương mặt điển hình,"Ươm trồng 2,1 triệu cây giống lâm nghiệp, một người Bình Định là Nông dân Việt Nam xuất sắc 2023",https://danviet.vn/uom-trong-21-trieu-cay-giong-lam-nghiep-mot-nguoi-binh-dinh-la-nong-dan-viet-nam-xuat-sac-20230929133107031-d1120697.html,Có,
59,03/10/2023,Gương mặt điển hình,"Nuôi 'chim tiền tỷ' vượt mùa đông, một giám đốc ở Thanh Hoá là Nông dân Việt Nam xuất sắc 2023",https://danviet.vn/nuoi-chim-yen-tien-ty-vuot-dong-mot-giam-doc-thanh-hoa-la-nong-dan-viet-nam-xuat-sac-2023-20231003061815607-d1121334.html,Có,
60,03/10/2023,Gương mặt điển hình,"8 tiêu chí, 3 ưu tiên để bình chọn 63 Hợp tác xã nông nghiệp tiêu biểu toàn quốc",https://danviet.vn/8-tieu-chi-3-uu-tien-de-binh-chon-63-hop-tac-xa-nong-nghiep-tieu-bieu-toan-quoc-20231003162536669-d1121463.html,Có,
61,03/10/2023,Sự kiện & Vinh danh,Phân bón Bình Điền: 11 năm liền đồng hành với Chương trình Tự hào Nông dân Việt Nam,https://danviet.vn/phan-bon-binh-dien-11-nam-lien-dong-hanh-voi-chuong-trinh-tu-hao-nong-dan-viet-nam-20231003142412134-d1121416.html,Có,
62,03/10/2023,Gương mặt điển hình,"20 năm trồng lúa giống, từ hộ nghèo nay lãi tiền tỷ, chị nông dân Tiền Giang là Nông dân Việt Nam xuất sắc 2023",https://danviet.vn/trong-lua-giong-lai-tien-ty-chi-tien-giang-duoc-binh-chon-la-nong-dan-viet-nam-xuat-sac-2023-2023100310533521-d839365.html,Có,
63,03/10/2023,Hình ảnh & Video,Hình ảnh Họp báo Chương trình Tự hào nông dân Việt Nam 2023,https://danviet.vn/hinh-anh-hop-bao-chuong-trinh-tu-hao-nong-dan-viet-nam-2023-20231003120034943-d1121397.html,Có,
64,03/10/2023,Sự kiện & Vinh danh,Danh sách 100 Nông dân Việt Nam xuất sắc năm 2023,https://danviet.vn/danh-sach-100-nong-dan-viet-nam-xuat-sac-nam-2023-2023100310152873-d839364.html,Có,
65,03/10/2023,Sự kiện & Vinh danh,Danh sách 63 Hợp tác xã nông nghiệp tiêu biểu toàn quốc năm 2023,https://danviet.vn/danh-sach-63-hop-tac-xa-tieu-bieu-toan-quoc-nam-2023-20231003100510085-d1121372.html,Có,
66,03/10/2023,Sự kiện & Vinh danh,Họp báo Chương trình Tự hào nông dân Việt Nam 2023,https://danviet.vn/hop-bao-chuong-trinh-tu-hao-nong-dan-viet-nam-2023-20231003095735783-d1121371.html,Có,
67,03/10/2023,Sự kiện & Vinh danh,Họp báo Chương trình Tự hào Nông dân Việt Nam xuất sắc 2023: Tôn vinh 100 nông dân và 63 HTX nông nghiệp tiêu biểu,https://danviet.vn/hop-bao-chuong-trinh-tu-hao-nong-dan-viet-nam-xuat-sac-2023-ton-vinh-100-nong-dan-va-63-htx-nong-nghiep-tieu-bieu-20231003083540012-d1121355.html,Có,
68,03/10/2023,Sự kiện & Vinh danh,"Chương trình Tự hào Nông dân Việt Nam 2023 với chuỗi các sự kiện đặc biệt 'do nông dân, vì nông dân'",https://danviet.vn/chuong-trinh-tu-hao-nong-dan-viet-nam-2023-voi-chuoi-su-kien-dac-biet-do-nong-dan-vi-nong-dan-20231002164250744-d1121262.html,Có,
69,03/10/2023,Diễn đàn & Chính sách,"Phó Chủ tịch Hội NDVN Bùi Thị Thơm: Tôn vinh 100 Nông dân Việt Nam xuất sắc là những nhà nông giỏi, xứng đáng nhất",https://danviet.vn/pho-chu-tich-bch-tu-hoi-ndvn-bui-thi-thom-noi-ve-binh-chon-nong-dan-viet-nam-xuat-sac-2023-20231002163857253-d1121261.html,Có,
70,01/10/2023,Gương mặt điển hình,Người làm nước mắm Phú Quốc 'quốc hồn quốc túy' ở Kiên Giang là Nông dân Việt Nam xuất sắc 2023,https://danviet.vn/nguoi-lam-nuoc-mam-phu-quoc-quoc-hon-quoc-tuy-o-kien-giang-la-nong-dan-viet-nam-xuat-sac-2023-20230930232757918-d1120986.html,Có,
71,28/09/2023,Gương mặt điển hình,Người tiên phong đưa cơ giới hoá vào thu hoạch lúa ở Quảng Ngãi là Nông dân Việt Nam xuất sắc 2023,https://danviet.vn/mot-nguoi-quang-ngai-di-dau-trong-co-gioi-hoa-dung-may-gat-lua-la-nong-dan-viet-nam-xuat-sac-20230928122717832-d1120465.html,Có,
72,28/09/2023,Gương mặt điển hình,"Người phụ nữ trở thành Nông dân Việt Nam xuất sắc 2023 nhờ 'xé rào', đem lại sức sống cho cây chè Suối Giàng",https://danviet.vn/nguoi-phu-nu-tro-thanh-nong-dan-viet-nam-xuat-sac-2023-nho-dem-lai-suc-song-cho-cay-che-suoi-giang-20230926163215041-d1120140.html,Có,
73,27/09/2023,Gương mặt điển hình,"Rời quân ngũ, ông nông dân Hà Tây vào Kon Tum trồng 20ha sầu riêng thu 15 tỷ là Nông dân Việt Nam xuất sắc",https://danviet.vn/roi-quan-ngu-ong-nong-dan-ha-tay-vao-kon-tum-trong-20ha-sau-rieng-thu-15-ty-la-nong-dan-viet-nam-xuat-sac-20230926180314912-d1120160.html,Có,
74,26/09/2023,Gương mặt điển hình,"Nuôi tôm công nghệ cao lãi tiền tỷ, 'vua tôm' Trà Vinh được bình chọn là Nông dân Việt Nam xuất sắc",https://danviet.vn/nuoi-tom-cong-nghe-cao-lai-tien-ty-vua-tom-tra-vinh-binh-chon-la-nong-dan-viet-nam-xuat-sac-2023092607384258-d839206.html,Có,
75,26/09/2023,Gương mặt điển hình,"Trồng cam quýt lời hơn 20 tỷ/năm, tỷ phú Bình Dương là Nông dân Việt Nam xuất sắc 2023",https://danviet.vn/trong-cam-quyt-loi-hon-20-ty-nam-ty-phu-binh-duong-la-nong-dan-viet-nam-xuat-sac-2023-20230925185631607-d1119941.html,Có,
76,24/09/2023,Gương mặt điển hình,"Trồng lúa cánh đồng lớn thu 20 tỷ/năm, một giám đốc ở Tiền Giang là Nông dân Việt Nam xuất sắc 2023",https://danviet.vn/trong-lua-canh-dong-lon-thu-20-ty-nam-giam-doc-o-tien-giang-la-nong-dan-viet-nam-xuat-sac-2023-20230924161021501-d1119702.html,Có,
77,24/09/2023,Gương mặt điển hình,Nông dân Việt Nam xuất sắc ở Thừa Thiên Huế thu tiền tỷ/tháng từ trang trại trên vùng cát,https://danviet.vn/nong-dan-viet-nam-xuat-sac-o-thua-thien-hue-thu-tien-ty-thang-tu-trang-trai-tren-vung-cat-20230924101950246-d1119651.html,Có,
78,23/09/2023,Gương mặt điển hình,Nông dân Việt Nam xuất sắc đến từ Hà Tĩnh chia sẻ kinh nghiệm làm gì để có doanh thu 30 tỷ/năm,https://danviet.vn/nong-dan-viet-nam-xuat-sac-ha-tinh-chia-se-kinh-nghiem-dat-doanh-thu-30-ty-dong-moi-nam-20230922164248369-d1119395.html,Có,
79,22/09/2023,Gương mặt điển hình,"Nuôi tôm rồi làm ra những đặc sản từ con tôm Cà Mau, một người Đất Mũi là Nông dân Việt Nam xuất sắc",https://danviet.vn/nuoi-tom-lam-ra-dac-san-tu-con-tom-ca-mau-mot-nguoi-dat-mui-la-nong-dan-viet-nam-xuat-sac-20230922125332179-d1119339.html,Có,
80,21/09/2023,Gương mặt điển hình,"Nuôi trâu, trồng trúc sào, sắm xe hơi, một người Cao Bằng được bình chọn là Nông dân Việt Nam xuất sắc",https://danviet.vn/nuoi-trau-trong-truc-sao-sam-xe-hoi-mot-nguoi-cao-bang-la-nong-dan-viet-nam-xuat-sac-2023-20230918141030559-d1118487.html,Có,
81,21/09/2023,Gương mặt điển hình,"Từ làm thuê, một người Yên Bái nay thành Nông dân Việt Nam xuất sắc 2023, thu nhập tiền tỷ/năm",https://danviet.vn/tu-lam-thue-mot-nguoi-yen-bai-nay-thanh-nong-dan-viet-nam-xuat-sac-2023-thu-nhap-tien-ty-nam-20230920100154764-d1118863.html,Có,
82,20/09/2023,Gương mặt điển hình,"Trồng cây cảnh nghệ thuật đang hot, một Nông dân Việt Nam xuất sắc đến từ Hưng Yên thu 45 tỷ/năm",https://danviet.vn/trong-cay-canh-nghe-thuat-dang-hot-mot-nong-dan-viet-nam-xuat-sac-tu-hung-yen-thu-45-ty-nam-20230920074129119-d1118839.html,Có,
83,20/09/2023,Gương mặt điển hình,"Một ông Giám đốc nhờ trồng lúa, nuôi cá ở Đắk Lắk được bình chọn là Nông dân Việt Nam xuất sắc",https://danviet.vn/mot-ong-giam-doc-trong-lua-nuoi-ca-o-dak-lak-duoc-binh-chon-la-nong-dan-viet-nam-xuat-20230919102304169-d1118641.html,Có,
84,20/09/2023,Gương mặt điển hình,"Nông dân Việt Nam xuất sắc 2023 đến từ Sài Thành là cô gái trồng hoa lan, tự trả lương cao từ hoa lan",https://danviet.vn/nong-dan-viet-nam-xuat-sac-2023-den-tu-tp-hcm-la-co-gai-trong-hoa-lan-tu-tra-luong-cao-20230919174411675-d57714.html,Có,
85,19/09/2023,Gương mặt điển hình,Nông dân Việt Nam xuất sắc 2023 đến từ Khánh Hòa trồng cây gì mà thu tiền tỷ?,https://danviet.vn/nong-dan-viet-nam-xuat-sac-2023-den-tu-khanh-hoa-trong-cay-gi-ma-thu-tien-ty-20230918101033887-d1118435.html,Có,
86,18/09/2023,Gương mặt điển hình,"Trồng lúa kiểu gì mà ông nông dân Cần Thơ thu lãi 'khủng', nhận danh hiệu Nông dân Việt Nam xuất sắc 2023?",https://danviet.vn/trong-lua-kieu-gi-ma-ong-nong-dan-can-tho-thu-lai-khung-la-nong-dan-viet-nam-xuat-sac-2023-20230915124557325-d1117955.html,Có,
87,18/09/2023,,Vụ Nông dân Việt Nam xuất sắc ở Hưng Yên kêu cứu: Vì sao Thanh tra huyện Ân Thi chậm kết luận vụ việc?,https://danviet.vn/vu-nong-dan-viet-nam-xuat-sac-o-hung-yen-keu-cuu-vi-sao-thanh-tra-huyen-an-thi-cham-ket-luan-vu-viec-20230917061126224-d57673.html,Không,Đề xuất loại: không thuộc chương trình Tự hào Nông dân Việt Nam 2023
88,15/09/2023,Gương mặt điển hình,Một nông dân làm ra thứ bánh đặc sản Phú Yên lãi tiền tỷ là Nông dân Việt Nam xuất sắc 2023,https://danviet.vn/mot-nong-dan-lam-ra-thu-banh-dac-san-phu-yen-lai-tien-ty-la-nong-dan-viet-nam-xuat-sac-2023-20230914180127656-d1117824.html,Có,
89,14/09/2023,Gương mặt điển hình,Tỷ phú đánh bắt loài cá ngừ đại dương ở Phú Yên là Nông dân Việt Nam xuất sắc 2023,https://danviet.vn/ty-phu-danh-bat-loai-ca-ca-ngu-dai-duong-khong-lo-o-phu-yen-la-nong-dan-viet-nam-xuat-sac-2023-20230913165411563-d1117617.html,Có,
90,14/09/2023,Gương mặt điển hình,"Từng lỗ gần 10 tỷ vì nuôi lợn, một nông dân Phú Thọ vừa được bình chọn là Nông dân Việt Nam xuất sắc",https://danviet.vn/tung-lo-gan-10-ty-vi-nuoi-lon-mot-nong-dan-phu-tho-duoc-binh-chon-la-nong-dan-viet-nam-xuat-sac-20230913101215321-d1117510.html,Có,
91,13/09/2023,Gương mặt điển hình,"Nuôi con “siêu lợi nhuận”, một người Long An thu tiền tỷ, là Nông dân Việt Nam xuất sắc 2023",https://danviet.vn/nuoi-tom-sieu-loi-nhuan-mot-nguoi-long-an-thu-tien-ty-la-nong-dan-viet-nam-xuat-sac-2023-20230913154622527-d1117600.html,Có,
92,08/09/2023,,Nông dân Việt Nam xuất sắc nuôi tôm lãi tiền tỷ phát biểu tại Đại hội Hội Nông dân Trà Vinh,https://danviet.vn/nong-dan-viet-nam-xuat-sac-nuoi-tom-lai-tien-ty-phat-bieu-tai-dai-hoi-hoi-nong-dan-tra-vinh-2023090813211373-d838823.html,Không,Đề xuất loại: không thuộc chương trình Tự hào Nông dân Việt Nam 2023
93,08/09/2023,,"Vụ một Nông dân Việt Nam xuất sắc ở Hưng Yên kêu cứu vì bị san lấp ao, vườn: Công an thống kê thiệt hại",https://danviet.vn/vu-mot-nong-dan-viet-nam-xuat-sac-o-hung-yen-keu-cuu-vi-bi-san-lap-ao-vuon-cong-an-thong-ke-thiet-hai-20230908092041506-d1116593.html,Không,Đề xuất loại: không thuộc chương trình Tự hào Nông dân Việt Nam 2023
94,06/09/2023,,"Vụ một Nông dân Việt Nam xuất sắc ở Hưng Yên kêu cứu vì bị san lấp ao, vườn: Giao Thanh tra huyện vào cuộc",https://danviet.vn/vu-mot-nong-dan-viet-nam-xuat-sac-o-hung-yen-keu-cuu-vi-bi-san-lap-ao-vuon-giao-thanh-tra-huyen-vao-cuoc-20230905121557977-d1116090.html,Không,Đề xuất loại: không thuộc chương trình Tự hào Nông dân Việt Nam 2023
95,05/09/2023,,"Chưa được bồi thường nhưng ao, vườn đã bị doanh nghiệp san lấp, một Nông dân Việt Nam xuất sắc ở Hưng Yên kêu cứu",https://danviet.vn/chua-duoc-boi-thuong-nhung-ao-vuon-da-bi-doanh-nghiep-san-lap-mot-nong-dan-viet-nam-xuat-sac-o-hung-yen-keu-cuu-20230728145826216-d1108963.html,Không,Đề xuất loại: không thuộc chương trình Tự hào Nông dân Việt Nam 2023
96,04/09/2023,Gương mặt điển hình,"Mở lò làm vôi bột thu 4 tỷ/năm, ông chủ lò vôi ở Quảng Trị là Nông dân Việt Nam xuất sắc 2023",https://danviet.vn/mo-lo-san-xuat-voi-bot-thu-4-ty-dong-nam-ong-chu-lo-voi-o-quang-tri-thanh-nong-dan-viet-nam-xuat-sac-2023-20230903175609637-d1115815.html,Có,
97,01/09/2023,Gương mặt điển hình,"Trồng 40ha cây ăn trái hữu cơ, 9X Lâm Đồng được chọn là nông dân Việt Nam xuất sắc 2023",https://danviet.vn/mot-nong-dan-viet-nam-xuat-sac-2023-den-tu-lam-dong-cam-chac-gia-san-tien-ty-nho-sau-rieng-20230831184659571-d1115377.html,Có,
98,27/08/2023,Gương mặt điển hình,"Trồng nhãn ra trái xum xuê, nuôi heo rừng, thu tiền tỷ, một người Gia Lai là Nông dân Việt Nam xuất sắc",https://danviet.vn/nu-ty-phu-trong-nhan-ra-trai-vo-toi-va-nuoi-heo-rung-o-gia-lai-la-nong-dan-viet-nam-xuat-sac-20230826132547996-d1114371.html,Có,
99,27/08/2023,Gương mặt điển hình,"Nông dân Việt Nam xuất sắc đến từ Bắc Kạn, gia đình từng bất lực nhìn con 'phá máy' để... sáng chế",https://danviet.vn/pha-may-chi-de-sang-che-may-nong-nghiep-trai-lang-bac-kan-la-nong-dan-viet-nam-xuat-sac-20230824001847496-d1113912.html,Có,
100,27/08/2023,Gương mặt điển hình,Làm thứ rượu gì dưới chân núi thiêng Yên Tử mà một người Quảng Ninh là Nông dân Việt Nam xuất sắc?,https://danviet.vn/thu-ruou-mo-yen-tu-o-quang-ninh-voi-huyen-tich-ky-la-ve-giac-mo-cua-vua-tran-nhan-tong-20230825163444865-d1114243.html,Có,
101,26/08/2023,Gương mặt điển hình,"Vườn nhãn khổng lồ ra trái nghịch vụ ở Cần Thơ, ông giám đốc là Nông dân Việt Nam xuất sắc",https://danviet.vn/vuon-nhan-khong-lo-ra-trai-nghich-vu-tien-ty-o-can-tho-ong-giam-doc-la-nong-dan-viet-nam-xuat-sac-20230825183412266-d1114264.html,Có,
102,25/08/2023,Gương mặt điển hình,'Ông vua' của các sản phẩm OCOP ở Cà Mau là Nông dân Việt Nam xuất sắc 2023,https://danviet.vn/ba-chuong-ong-vua-cua-cac-san-pham-ocop-lam-tu-tom-va-hai-san-co-doanh-thu-cuc-khung-o-ca-mau-20230825123503859-d1114181.html,Có,
103,24/08/2023,Gương mặt điển hình,"Làm trà sạch xuất khẩu ra nước ngoài, một giám đốc ở Thái Nguyên là Nông dân Việt Nam xuất sắc 2023",https://danviet.vn/xuat-khau-tra-dac-san-ra-nuoc-ngoai-giam-doc-o-thai-nguyen-la-nong-dan-viet-nam-xuat-sac-20230822161925036-d1113650.html,Có,
104,23/08/2023,Gương mặt điển hình,Nữ Nông dân Việt Nam xuất sắc 2023 ở Lâm Đồng làm gì mà thu hàng chục tỷ/năm?,https://danviet.vn/nu-nong-dan-viet-nam-xuat-sac-2023-o-lam-dong-lam-gi-ma-thu-hang-chuc-ty-nam-20230822214615262-d1113698.html,Có,
105,22/08/2023,Gương mặt điển hình,"Chuyện lạ Sóc Trăng, trồng chanh ngọt trông như trái xoài, chủ vườn là Nông dân Việt Nam xuất sắc 2023",https://danviet.vn/chuyen-la-soc-trang-trong-chanh-ngot-trong-nhu-trai-xoai-chu-vuon-la-nong-dan-viet-nam-xuat-sac-20230821204643584-d1113478.html,Có,
106,22/08/2023,Gương mặt điển hình,"Vận động 20 tỷ xây cầu đường nông thôn, một người Đồng Tháp là Nông dân Việt Nam xuất sắc 2023",https://danviet.vn/trong-lua-canh-dong-thang-canh-co-bay-tim-20-ty-lam-cau-duong-o-dong-thap-ca-lang-phuc-lan-20230821112032274-d1113360.html,Có,
107,21/08/2023,Gương mặt điển hình,"Từ chợ tạm, đặc sản Thái Nguyên bán đi khắp nước, một ông Giám đốc là Nông dân Việt Nam xuất sắc",https://danviet.vn/dua-tra-thai-nguyen-ban-di-khap-nuoc-mot-ong-giam-doc-la-nong-dan-viet-nam-xuat-sac-20230821111230908-d1113358.html,Có,
108,20/08/2023,Gương mặt điển hình,"Sao chè thành tỷ phú ở Lai Châu, thu 50 tỷ/năm, được bình chọn là Nông dân Việt Nam xuất sắc 2023",https://danviet.vn/sao-che-thanh-ty-phu-o-lai-chau-thu-50-ty-nam-binh-chon-la-nong-dan-viet-nam-xuat-sac-2023-20230818172856543-d1112935.html,Có,
109,19/08/2023,Gương mặt điển hình,"'Biến' đá thành tiền tỷ, một người Ninh Bình được bình chọn là Nông dân Việt Nam xuất sắc 2023",https://danviet.vn/bien-da-thanh-tien-ty-mot-nguoi-ninh-binh-duoc-binh-chon-la-nong-dan-viet-nam-xuat-sac-2023-20230817224306239-d1112766.html,Có,
110,19/08/2023,Gương mặt điển hình,"Vườn mít Thái, thanh nhãn ra trái quá trời ở Đồng Tháp, ông chủ là Nông dân Việt Nam xuất sắc 2023",https://danviet.vn/vuon-mit-thai-thanh-nhan-ra-trai-qua-troi-o-dong-thap-ong-chu-la-nong-dan-viet-nam-xuat-sac-2023081811580803-d838431.html,Có,
111,18/08/2023,Gương mặt điển hình,"Bấm điện thoại nuôi cá to bự, thu 4 tỷ/năm, ông nông dân Ninh Bình là Nông dân Việt Nam xuất sắc 2023",https://danviet.vn/nuoi-ca-toan-con-to-bu-thu-4-ty-nam-ong-nong-dan-ninh-binh-la-nong-dan-viet-nam-xuat-sac-2023-20230817165309228-d1112713.html,Có,
112,18/08/2023,Gương mặt điển hình,Tỷ phú thanh long VietGAP ở Bình Thuận có cánh đồng thẳng cánh cò bay là Nông dân Việt Nam xuất sắc 2023,https://danviet.vn/ty-phu-trong-thanh-long-xuat-khau-o-binh-thuan-co-canh-dong-thang-canh-co-bay-dep-nhu-phim-20230816104638076-d1112438.html,Có,
113,16/08/2023,Gương mặt điển hình,"Lãi tiền tỷ nhờ nuôi loại chim khổng lồ chả biết bay ở Hải Dương, bà chủ là Nông dân Việt Nam xuất sắc 2023",https://danviet.vn/lai-tien-ty-nho-nuoi-da-dieu-chim-khong-lo-o-hai-duong-ba-chu-la-nong-dan-viet-nam-xuat-sac-20230815073736527-d1112189.html,Có,
